source,target
2FA,2FA
2-factor,tvåfaktors-
abandoned,övergiven
Abandon,Överge
A/B Testing,A/B-test
accessed,åtkomna
accesses,åtkomster
accessing,åtkommande
access points,åtkomstpunkter
access point,åtkomstpunkt
access rights,åtkomsträttigheter
Access Rights,Åtkomsträttigheter
access right,åtkomsträtt
access token,åtkomsttoken
Access Token,Åtkomsttoken
Access warning,Åtkomstvarning
access,åtkomst
account balance,kontobalans
account balancing,kontobalansering
Account Cash Rounding,Kontantavrundning
account chart,kontoplan
account closing,kontostängning
account entry,bokföringspost
account holder,kontoinnehavare
accounting,bokföring
Accounting Periods,Bokföringsperioder
Accounting Reports,Bokföringsrapporter
accounting settings,bokföringsinställningar
account,konto
account management,kontohantering
Account mapping,Kontomappning
account move line,bokföringsrad
account move,verifikat
account number,kontonummer
Account Opening,Ingående balans
account payable,leverantörsskuld
Account Payable,Leverantörsskuld
account receivable,kundfordringar
Account Receivable,Kundfordringar
Account & Sales,Bokföring och försäljning
accounts' balances,kontobalanser
accounts,konton
Accrual Basis,Bokföringsprincip periodisering
accrual entry,periodiseringspost
accrual,periodisering
Accrual,Periodisering
accrual plan,periodiseringsplan
accruals,periodiseringar
accrual time off,periodisering av ledighet
Accrued Expense,Upplupen kostnad
Accural basis,Bokföringsprincip periodisering
accural entry,periodiseringspost
Achievement,Prestation
Acquirer,Anskaffare
acquisition,anskaffning
Action Needed,Åtgärd krävs
Actions,Åtgärder
action,åtgärd
Action,Åtgärd
active,aktiv
Active,aktiv
Active,Aktiv
active subscription,pågående prenumeration
activities,aktiviteter
Activities,Aktiviteter
activity,aktivitet
Activity,Aktivitet
Activity Exception Decoration,Aktivitetsundantagsdekoration
Activity Log,Aktivitetslogg
Activity Logs,Aktivitetslogg
Activity State,Aktivitetstillstånd
Activity Type Icon,Aktivitetstypikon
actual replenishment,faktisk påfyllning
Acсounting Report,Bokföringsrapport
Add an item,Lägg till objekt
added,lagts till
Add field,Lägg till fält
adding,lägger till
add,lägga till
add-ons,tillägg
addons,tillägg
add-on,tillägg
addon,tillägg
address,adress
addresses,adresser
adds,lägger till
Adjourn,Skjut upp
adjusting entry,justeringspost
Adjustments,Justeringar
Administrator,Administratör
a down payment,en delbetalning
advance,förskott
Advisor,Rådgivare
affect base,påverka bas
Aged Payable,Förfallna skulder
Aged Receivable,Förfallna fordringar
aged receivable report,rapport för förfallna fordringar
Aged Reports,Kundreskontrarapport
Aged Trial Balance,Åldersfördelad balansrapport
agent,agent
agents,agenter
aggregate,aggregat
agreement,avtal
agreements,avtal
alarm,larm
alias,alias
allocation request,tilldelningsbegäran
Allocation,Tilldela
Allocation,Tilldelas
Allowance,Avdrag/Ersättning
a lot,Ett parti
Altered Hash,Ändrad hash
Alternative,alternativ
Alternatives,alternativ
amount,belopp
amount currency,belopp i valuta
Amount - sumă,Belopp
analysis period,analysperiod
analytic account,Objektkonto
Analytic Account,Objektkonto
analytic accounts,objektkonton
Analytical Accounting,Objektbokföring
analytic distributions,objektfördelningar
Analytic Entry,objektpost
analytic item,Objekt
analytic item,objektpost
analytic items,objekt
analytic items,objektposter
Analytic Line,Objektrad
analytic,objekt
Analytic,Objekt
analytic tag,objektetikett
an exception occured,ett undantag inträffade
animations,animationer
annual closing,årsbokslut
Annual,Årlig
API,API
API key,API-nyckel
app,app
applicants,sökande
applicant,sökande
application,ansökan
apply,verkställ
Apply,Verkställ
appointment,bokning
Appointment,Bokning
appointments,bokningar
appraisals,utvärderingar
appraisal,utvärdering
approbe,godkänna
approval,godkännande
approvals,godkännanden
approved,godkänd
approve,godkänna
approves,godkänner
approving,godkänner
apps,appar
App Store,App Store
April,april
April,April
archive,arkiv
Archive,Arkiv
archived,arkiverad
Archived,Arkiverad
archives,arkiv
Archives,Arkiv
archiving,arkivering
arch,valv
Argentine,Argentina
Article,Artikel
article item,artikelpost
Ask Location,Fråga om plats
a slide,en bild
Asset management,Kapitalförvaltning
Assets management,Kapitalförvaltning
assets,tillgångar
Assets,Tillgångar
asset,tillgång
Asset,Tillgång
Assignation,Tilldelning
Assigned Opportunities,Tilldelade möjligheter
assigned partner,tilldelad kontakt
assigned,tilldelad
assignees,uppdragstagare
assignee,uppdragstagare
assigning,tilldelar
Assignment,Uppgift
assigns,tilldelar
assign,tilldela
Assign,Tilldela
Associate,Associera
at least,åtminstone
At least,Åtminstone
Attach,Bifoga
attachment,bilaga
Attachment Count,Antal bilagor
Attachments,Bilagor
attendance,närvaro
Attendances App,Närvarohanteringsapp
attribute,attribut
attributes,attribut
August,augusti
August,Augusti
Austrian,österrikisk
authentication,autentisering
Author,Författare
Autocomplete,Automatisk ifyllning
automate,automatisera
automated,automatiserad
automates,automatiserar
automatically,automatiskt
automatic,automatisk
automating,automatiserar
automation,automatisering
automations,automatiseringar
Availability,Tillgänglighet
Available,Tillgänglig
Avatar,Avatar
average daily wage,genomsnittlig daglön
average debtors days,genomsnittliga gäldenärsdagar
Average,Genomsnittlig
backend,backend
background image,bakgrundsbild
Back order,restorder
Backorder,Restorder
Badge (gamification),Märke (spelifiering)
badge,märke
Badges,Märken
bakery,bageri
Bakery,Bageri
balance,balans
Balance,Balans
Balance Sheet,Balansräkning
bank account,bankkonto
bank accounts,bankkonton
Bank Feeds,Bankkopplingar
Bank Journal,Bankjournal
bank reconciliation,bankavstämning
bank statement,bankutdrag
bank statements,bankutdrag
Banner,Banner
barcode lookup,streckkodssökning
Barcode Lookup,Streckkodssökning
barcodes,streckkoder
barcode,streckkod
Barcode,Streckkod
base,bas
base on,baserad på
Base View,Basvy
basic,grundläggande
Batch,Batch
Batch booking,Batchbokning
batch deposit,partiinbetalning
Batch Deposit,Samlad insättning
batch,parti
batch payment,partibetalning
batch payments,partibetalningar
Batch Picking,Batchval
batch picking,partiuppsamling
batch transfer,partiöverföring
Beginner,Nybörjare
Belgian,belgisk
benefit in kind,naturaförmån
benefits in kind,naturaförmåner
Best before Date,Bäst före datum
bid,anbud
Bilagor,Bilagor
bill,faktura
Bill,Faktura
BILL,FAKTURA
billing,fakturering
Billing,Fakturering
Bill of Material,Materialförteckning
bill of materials,materialförteckningar
bills,fakturor
biography,biografi
bitrate,bithastighet
Blacklist,Svartlista
blanket order,avropsorder
Block,Block
blocking,blockering
blog,blogg
Blog,Blogg
blog entries,blogginlägg
Blog Entry,Blogginlägg
blog post,blogginlägg
Blog post,Blogginlägg
blog posts,blogginlägg
blogs,bloggar
Bolivian,boliviansk
BoM,BoM
BOM,BOM
booth,monter
Booth,Monter
booths,montrar
Booths,Montrar
Bootstrap,Bootstrap
bot,bot
bots,botar
bots,bots
Bounce,Studsa
box,låda
Brazilian,brasiliansk
breadcrumb,smultronstig
breadcrumbs,smultronstigar
bridge,bro
bridge module,Klistermodul
Bridge module,Klistermodul
brokerage fee,mäklararvode
budget,budget
Budget,Budget
builder,byggare
Building block,Byggblock
Business intelligence,Beslutsstöd
button,knapp
buy,köp
By,Av
by-product,biprodukt
Byproduct,Biprodukt
by task,efter uppgift
Cabinet with Doors,Skåp med dörrar
calendar,kalender
calendars,kalendrar
calendar view,kalendervy
Call for tender,Offertförfrågan
call,samtal
call to action,uppmaning till handling
campaign,kampanj
campaigns,kampanjer
cancel,avbryt
Cancel,Avbryt
canceled,avbruten
Canceled,Avbruten
canceling,avbrytande
cancelled,avbruten
Cancelled,Avbruten
cancelling,avbrytande
cancels,avbryter
candidate,kandidat
candidates,kandidater
Capacity,Kapacitet
cap,keps
caption,undertext
carrier,speditör
Carrier,Speditör
Carryover,överföring
carts,varukorgar
cart,varukorg
Cash based,Kontantbaserad
cash basis,kontantprincip
Cash Basis,Kontantprincip
cash basis (tax),kontantprincip (skatt)
cash basis transition account,övergångskonto för kontantprincip
Cashbox,Kassalåda
Cash Collateral,Kontantinsats
cash concentration,kontantkoncentration
cash entries,kontantposter
cash equivalents,kontanta tillgångar
Cash Flow Statement,Kassaflödesanalys
cashier,kassör
cash journal,kontantjournal
Cash,Kontant
cash,kontanter
cash management,kontanthantering
cash on delivery,postförskott
Cash Pooling,Kassapool
cash register,kassaapparat
Cash register,Kassaapparat
Cash Register,Kassaapparat
Cash Registers,Kassaapparater
cash rounding,kontantavrundning
cash statement,kontantrapport
cash transaction,kontanttransaktion
catchall,allt inklusive
categories,kategorier
category,kategori
CEO,VD
CFO,CFO
challenge,utmaning
Challenge,Utmaning
characters,tecken
character,tecken
Chart of Accounts,Kontoplan
Chart of accounts,Kontoplaner
chatbot,chattbot
chatbots,chattbotar
chat,chatt
Chat,Chatt
Chatter,Chatt
chatter,chattare
chatters,chattare
Checkbox,Kryssruta
Check,Check
checked,ikryssad
Check In,Checka in
check layout,tjejlayout
Check numbering sequence,Checknummersekvens
Check Out,Checka ut
checkout page,utcheckningssida
Checks numbering sequence,Checknummersekvens
Checks numbering sequence.,Checknummersekvens
child activities,barnaktiviteter
child activity,barnaktivitet
child,barn
children,barn
Chilean,chilensk
churn,kundbortfall
Churn,Kundbortfall
City,Stad
Claim,Anspråk
Claims,Anspråk
Classify,Klassificera
clicked,klickad
clicking,klickar
click,klick
clicks,klick
clipboard,urklipp
Close Date,Slutdatum
closing balance,slutbalans
closing entry,slutpost
closing,stängning
Cohort,Kohort
Collateral management,Säkerhetshantering
Colombian,colombiansk
color button,knappfärg
color,färg
color palette,färgpalett
color palettes,färgpaletter
colors,färger
colors palette,färgpalett
colour,färg
colours,färger
Combined Ratio,Kombinerad nyckeltal
command,kommando
Comment,Kommentar
commission,provision
commissions,provisioner
Communication,Kommunikation
companies,bolag
Companies,Företag
company,bolag
Company,Företag
Company Properties,Företagsinställningar
component,komponent
components,komponenter
Compress,Komprimera
Computed Balance,Beräknad balans
config,konfiguration
Config Settings,Konfigurationsinställningar
configuration,konfiguration
Configuration,Konfiguration
configuration panel,konfigurationspanel
configurations,konfigurationer
Configurator,konfigurator
configured,konfigurerad
configure,konfigurera
Configure,Konfigurera
configures,konfigurerar
configuring,konfigurerar
confirmation,bekräftelse
Confirmation,Bekräftelse
confirm,bekräfta
Confirm,Bevaka
confirmed,bekräftad
confirming,bekräftar
confirms,bekräftar
connect,anslut
connected,ansluten
connecting,ansluter
connection,anslutning
connections,anslutningar
connectivity,anslutning
connector,anslutning
connectors,anslutningar
connects,ansluter
cons,brister
consolidation chart,konsolideringsdiagram
consolidation,konsolidering
Consolidation,Konsolidering
constraint,begränsning
Consumable,Förbrukning
consumer loan,konsumentlån
consumer loans,konsumentlån
contact form,kontaktformulär
contact,kontakt
Contact,Kontakt
contacts directory,kontaktlista
contacts,kontakter
Contact Us,Kontakta oss
container,container
Content,Innehåll
context,sammanhang
Contract,Kontrakt
Contracts,Kontrakt
contribution,bidrag
contribution register,bidragsregister
Controlled Disbursement,Kontrollerad utbetalning
Controll,Kontroll
Control Point,Kontrollpunkt
conversation,samtal
Conversations,Konversationer
conversations,samtal
conversion rate,konverteringsfrekvens
Corporate Action,Företagshändelse
Corrective Actions,Korrigerande åtgärder
corrective maintenance,korrigerande underhåll
correct,rätt
Cost Currency,Kostnadsvaluta
costing,kostnadskalkyl
costing method,kostnadskalkylmetod
cost,kostnad
cost of goods sold,varukostnad
costs,kostnader
Costs,Kostnader
Cotización,Pris
Count,Antal
Counterpart,Motpart
Counter Party,Motpart
Counter,Räknare
counter transaction,räknartransaktion
counter transactions,räknartransaktioner
counting,räkning
countries,länder
country,land
count,räkna
coupon,kupong
Coupon,Kupong
coupon program,kupongprogram
coupons,kuponger
Course,Kurs
Cover,Omslag
Create date,Skapandedatum
Created by,Skapad av
created on,skapad den
Created on,Skapad den
created,skapad
create,skapa
Create,Skapa
creates,skapar
creating,skapar
Credentials,Referenser
credit account,kreditkonto
Credit Adjustment,Kreditjustering
Credit adjustments,Kreditjusteringar
credit amount,kreditbelopp
credit card,kreditkort
Credit Card,Kreditkort
credit card payment,kreditkortsbetalning
credit cards,kreditkort
credit,kredit
credit limit,kreditgräns
credit move,kredittransaktion
credit note,kreditnota
Credit Note,Kreditnota
credit notes,kreditnotor
Credit Notes,Kreditnotor
creditor,kreditor
credit transfer,kreditöverföring
Credit transfers,Kreditöverföring
credit transfers,kreditöverföringar
crm,CRM
CRM,CRM
cron,cron
Cross-dock,Korsdocka
crossed cheque,genomstruken check
Csat,Kundnöjdhet
CTO,CTO
cuenta,konto
Cumulative,Kumulativ
currencies,valutor
currency rates,valutakurser
currency rate,valutakurs
currency,valuta
Current Assets,Omsättningstillgångar
Current Hash,Aktuell hash
Current Liabilities,Kortfristiga skulder
current time,aktuell tid
customer account statement,kundkontoutdrag
customer display,kunddisplay
customer displays,kunddisplay
customer,kund
Customer,Kund
customer lead time,Kundledtid
Customer lead time,Kundledtid
Customer Lead Time,Kundledtid
Customer Portal,Kundportal
Customer Portal URL,Kundportalens URL
Customer signature,Kundsignatur
Customer signatures,Kundsignaturer
customers,kunder
customer statement,kundutdrag
Customer Statements,Kundutdrag
Customer Taxes,Kundportal
Customer to Reinvoice,Kund att fakturera om
customization,Anpassning
customizations,Anpassningar
customize,anpassa
customized,anpassad
customizes,anpassar
customizing,anpassar
cut-off,avstängning
dashboard,anslagstavla
Dashboards,Anslagstavlor
database,databas
databases,databaser
data cleaning,datastädning
data,data
Data,Data
Date,Datum
date picker,datepicker
datepicker,datepicker
date pickers,datepickers
datepickers,datepickers
Date (UTC),Datum (UTC)
deadline,sluttid
Dear $,Kära $
Dear,Kära
debit account,debiteringskonto
debit amount,debiteringsbelopp
debit Card,debiteringskort
debit,debitering
Debit Method,Debiteringsmetod
debit move,debiteringstransaktion
debit note,debiteringsnota
debit notes,debiteringsnotor
debtor,gäldenär
debts,skulder
debug,felsökning
debugging,felsökning
debug mode,felsökningsläge
December,december
Decimal Separator,decimalavskiljare
Declaration,Avstämning
declining factor,minskande faktor
Decoration,dekoration
dedicated server,dedikerad server
Deduction,Avdrag
de-duplicated,deduplicerad
deduplicated,deduplicerad
de-duplicate,deduplicera
deduplicate,deduplicera
de-duplicates,deduplicerar
deduplicates,deduplicerar
de-duplicating,deduplicerar
deduplicating,deduplicerar
de-duplication,deduplikering
deduplication,deduplikering
de-duplications,deduplikeringar
deduplications,deduplikeringar
Default partner,Standardkontakt
default,standard
Default,Standard
Default Value,Standardvärde
deferred expense,uppskjuten kostnad
deferred revenue,uppskjuten intäkt
Deferred,Skjuten
Delegate,Delegera
Delete field,Radera fält
delete,radera
Delete,Ta bort
delivered,levererad
deliveries,leveranser
delivering,levererar
deliver,leverera
delivers,levererar
delivery charges,leveranskostnader
delivery,leverans
delivery method,leveransmetod
delivery note,leveranssedel
delivery order,leveransorder
Delivery Slip,Bipacksedel
demo,demonstration
Department,Avdelning
Departure Reason,Avreseskäl
Departure Reasons,Avreseskäl
dependencies,beroenden
deposit,insättning
deposits,insättningar
Deposit Ticket,Depositionskvitto
deprecate,avskrivning
depreciable value,avskrivningsbar värde
depreciate,avskriva
depreciated,avskriven
depreciates,avskriver
depreciating,avskrivning
depreciation,avskrivning
Depreciation,Avskrivning
description,beskrivning
Destination Journal,Destinationsjournal
destination location, destinationsplats
destination location,destinationsplats
destination locations, destinationsplatser
destination locations,destinationsplatser
detail,detalj
details,detaljer
Details,Detaljer
detected,upptäckt
detecting,upptäcker
detects,upptäcker
detect,upptäcka
device,enhet
devices,enheter
diagram,diagram
Digest,Sammandrag
digest,sammanfattning
digital,digital
Digital,Digital
direct debit,autogiro
Direktori,Katalog
disable,inaktivera
disallowed expenses,ej godkända kostnader
Disallowed Expenses,Ej godkända kostnader
Discard,Avbryt
discarded,förkastad
discard,förkasta
discarding,förkastar
discards,förkastar
disconnected,frånkopplad
disconnecting,kopplar bort
disconnect,koppla bort
disconnects,kopplar bort
discount, rabatt
discounts, rabatter
Discuss,Diskutera
Discussion,Diskussion
Discussions,Diskussioner
displayed,visad
displaying,visar
Display Name,Visningsnamn
displays,visningar
display,visning
disposal,avsäger sig
distributor,distributör
Documentary Collection,Dokumentinkasso
Documentary Credit,Dokumentkredit
Documentation,Dokumentation
document,dokument
Document Information,Dokumentinformation
documents,dokument
Documents to be Signed,Dokument som ska signeras
domain,domän
Domain,Domän
Domestic Credit Transfer,Nationell kreditöverföring
Dominican,dominikansk
Done,Färdig
downloaded,nedladdad
downloading,nedladdar
download,ladda ner
downloads,nedladdningar
down payment,förskottsbetalning
Down payment,Handpenning
down payments,förskottsbetalningar
downvote,nedsättande röst
Draft invoice,Fakturautkast
draft invoices,utkast fakturor
draft status,utkast status
drafts,utkast
draft,utkast
Draft,Utkast
drag & drop, dra och släpp
drop-down menu,rullgardinsmeny
dropdown menu,rullgardinsmeny
drop-down menus,rullgardinsmenyer
dropdown menus,rullgardinsmenyer
drop-down,rullgardinsmeny
dropdown,rullgardinsmeny
drop-downs,rullgardinsmenyer
dropdowns,rullgardinsmenyer
drop ship,direktleverans
dropship,direktleverans
drop shipping,direktleverans
Dropshipping,Dropshipping
Dry Run,Torrlöpning
due date,förfallodatum
Due,Förfallotid
Due Terms,Betalningsvillkor
duplicated,kopierad
duplicate,dubbla
duplicates,duplikat
duplicating,kopierar
Dutch,Dolländsk
dynamic,dynamisk
earning,intjäning
EC,EC
ecommerce,e-handel
e-Commerce,e-handel
ECO,Teknisk ändringsorder
EC Sales List,EU-försäljningslista
EC Sales Lists,EU-försäljningslistor
EDI,EDI
edited,redigerad
Edit field,Redigera fält
editing,redigering
edit mode,redigeringsläge
editor,redigerare
edit,redigera
edits,redigerar
Effective,Effektiv
effects,effekter
Efficiency,Effektivitet
e.g.,t ex
elearning,e-lärande
eLearning,e-lärande
element,element
elements,element
email address,e-postadress
email addresses,e-postadresser
email,e-post
Email,E-post
Email(s),E-post
emails,e-postmeddelanden
email server,e-postserver
employee,anställd
Employee,Anställd
employees,anställda
Employees,anställda
employees only,endast anställda
employer,arbetsgivare
employers,arbetsgivare
employment,anställning
Empty,Tom
enable,aktivera
ending,slut
Engineering Change Orders,Teknisk ändringsorder
enjoy,ta del av
enrolled,inskriven
Enterprise digest data,Företagsdataöversikt
enthusiastic,entusiastisk
entries,poster
Entry Line,Verifikationsrad
entry,post
Entry,Post
EPC,EPC
EPC QR code,EPC QR-kod
Equipment Category,Utrustningskategori
equipment,utrustning
equity, eget kapital
Equity,Eget kapital
ERP,ERP
error,fel
Error,Fel
error message,felkod
errors,fel
ESG,ESG
Establishment,Etablering
etc.,osv.
Ethiopian,etiopisk
event,evenemang
events,evenemang
example,exempel
examples,exempel
Exceptions,Undantag
exception,undantag
exchange differences,Valutakursdifferenser
exchange difference,Valutakursdifferens
Exchange rate,Valutakurs
exchange,vända
excise,accis
excises,acciser
Exclusive,Exklusiv
execute,utför
executive summaries,verkställande sammanfattningar
executive summary,verkställande sammanfattning
Exempt,Undantagen
exist,existera
Expected,Förväntad
expection,förväntan
expense account,kostnadskonto
Expense Account,Kostnadskonto
Expense,Kostnad
expense report,kostnadsrapport
Expenses,Kostnader
Expiration Alerts,Sista förfallsdatum varningar
Expiration,Upphörande
expire,upphöra
exported,exporterad
export,export
exporting,exporterar
exports,exporterar
expressions,uttryck
expression,uttryck
Expression,Uttryck
false,FALSKT
FALSE,FALSKT
favicon,favicon
favorited,markerad som favorit
favorite, favorit
favorites, favoriter
feature, funktion
features, funktioner
February,februari
Fed. State,Federerad stat
Fed. States,Federerade stater
fees, avgifter
field, fält
Field,Fält
field service,fältservice
field services,fältservice
fields, fält
Fields,Fält
Field %s is not filled,Fält %s är inte ifyllt
Field Type,Fälttyp
file,fil
filename,filnamn
Filename,Filnamn
filenames,filnamn
files,filer
Filled by,Ifylld av
Filter By,Filtrera efter
filter,filtrera
filters,filter
Final Maturity,Slutlig förfallodag
financial account,finansiellt konto
financial,Finansiell
Financial,Finansiell
financial transaction,finansiell transaktion
find,hitta
Fiscal Country,Skatteland
Fiscal Localization,Skatteanpassning
fiscal period,skatteperiod
fiscal position,skatteområde
fiscal positions,skatteområden
fiscal stamp,skattstämpel
Fiscal Statement,Bokslutsrapport
fiscal year,bokföringsår
Fiscal year,Bokföringsår
Fiscal Year,Bokföringsår
Fiscal Year,Bokföringsår
Fixed assets,Anläggningstillgångar
Fixed Term Deposits,Tidsbundna insättningar
fixed term deposit,tidsbunden insättning
flagged,flagga
Flat,Platt
fleet,flotta
fleets,flottor
Floating Image,Flytande bild
flow,flöde
folded,vikt
folder,mapp
folders,mappar
folding,vikning
fold,vika
follower, följare
Follower,Följare
followers, följare
Followers,Följare
Followers (Partners),Följare (kontakter)
follow,följa
follow up,följa upp
Follow-up,Följ upp
Followup,Följ upp
follow-up,uppföljning
Font awesome icon e.g. fa-tasks,Font awesome-ikon t ex fa-task
fonts,typsnitt
font,typsnitt
Font,Typsnitt
footer,sidfot
footers,sidfötter
forecast,prognos
Forecast,Prognos
forecasts,prognoser
foreign currencies,utländska valutor
foreign currency,utländsk valuta
format,format
formats,format
Formatting,Formatering
Form builder,Formulärbyggare
form,formulär
formulae,formler
formula,formel
formulas,formler
form view,formvy
form views,formvyer
Forum post,Foruminlägg
forwarded,vidarebefordrad
found,hittad
Free Stock in Transit,Gratis lager i transit
Free Stock in Transit,Ledigt lager i transit
Friday,fredag
Frontdesk,Reception
frontend,frontend
fulfill,uppfylla
Fully Signed,Fullständigt signerad
Future Activities,Framtida aktiviteter
Gamification,Spelifiering
Gantt chart,Ganttschema
Gantt,Gantt
gap,glapp
General,Allmän
General Information,Allmän information
general ledger,huvudbok
General Ledger,Huvudbok
General settings,Allmänna inställningar
General Settings,allmänna inställningar
Generate a signature request,Skapa en signaturförfrågan
Generate,Skapa
Generate signature requests,Skapa signaturförfrågningar
Generate & sign,Skapa och signera
geolocation,geolokalisering
Geolocation,Geolokalisering
German,tysk
gift card,presentkort
GL,Huvudbok
global filter,globalt filter
goal,mål
Goal,Mål
goals,mål
Goals,Mål
Good,Bra
Goods,Varor
go to,gå till
goto,gå till
Greek,grekisk
Green Saving,Grön besparing
grid,grid
gross increase,bruttoökning
gross profit,bruttoresultat
Group by,Gruppera efter
Group By,Gruppera efter
group chat,gruppchatt
group,grupp
Grow,Väx
guest,gäst
Guru,Guru
Gyvas susirašinėjimas,Live-chatt
hand on,rätt på
hard lock,hård låsning
hashed,hashad
hash,hash
Has Message,Har meddelande
header,huvud
headers,huvuden
heading,rubrik
Heading,Rubrik
headings,rubriker
Headline,Rubrik
height,höjd
Height,Höjd
Hello $,Hej $
Hello,Hej
help desk,kundtjänst
helpdesk,kundtjänst
Helpdesk,Kundtjänst
help desks,kundtjänster
helpdesks,kundtjänster
helper,assistent
Help,Hjälp
hidden,dold
hid,dold
hide,dölj
hides,döljer
hiding,döljande
hierarchy,hierarki
history, historik
Holiday Management,Ledighetshantering
holiday,semester
holidays,semester
home pages,startplatser
homepages,startplatser
home page,startplats
homepage,startplats
Hostname,Värdnamn
hour,timme
HR,HR
HS code,HS kod
HTML editor,HTML-redigerare
Hungarian,ungersk
icon,ikon
Icon,Ikon
icons,ikoner
identifier,identifierare
ID,ID
If checked,Om ikryssad
If ticked,Om markerad
"If you have any questions, please do not hesitate to contact us.","”Om du har frågor,  tveka inte att kontakta oss.”"
image,bild
images,bilder
Images,Bilder
IM,IM
implementation guide,implementationsguide
implied,underförstådd
imported,importerad
import,Importera
Import,Importera
importing,importerar
imports,importer
Inalterability Hash,Oföränderlig hash
inalterability,oföränderlighet
included in price,inkluderat i pris
income account,intäktskonto
income,Intäkt
incoming,inkommande
incoming payment,inbetalning
incorrect,fel
Incoterm,Incoterm
incoterms,incoterms
Incoterms,Incoterms
indicates,indikerar
Indirect Demand,Indirekt efterfrågan
Individual,Individuell
industries,industrier
industry,industri
in order to,för att
In order to,För att
'In Payment' status,Status 'under betalning'
in progress,pågående
In Progress,Pågående
input location,inmatningsplats
Insert,Infoga
insight,inblick
installed,installerad
installing,installerar
install,installera
installs,installerar
install the,installera
instance,instans
Instances,Instanser
insulting,förolämpande
integer,heltal
integration,integration
intercompany,internkoncern
internal note,intern notering
Internal Reference,Intern referens
Internet,Internet
Intert of Things,Sakernas internet
interview,intervju
intra community,intra community
intra-community,intra-community
intracommunity,intrakommunal
Intrastat Declaration,Intrastat deklaration
Intrastat,Intrastat
invalid,ogiltig
inventories,lagersaldon
Inventory adjustment,Lagerjustering
inventory adjustments,lagerjusteringar
Inventory Control,Lagerkontroll
inventory count,inventering
inventory count sheet,lagerinventeringslista
inventory,lager
Inventory,lager
inventory location,lagerplats
inventory move,lagerflyttning
inventory operations,lageroperationer
Inventory Value,Lagervärde
inventory variation,lageravvikelse
INV,INV
Invoice Address,Fakturaadress
invoice,faktura
Invoice Line,Fakturarad
Invoice Lines,Fakturarader
invoice policy,faktureringspolicy
Invoice(s),Faktura(or)
invoices,fakturor
Invoices,Fakturor
Invoicing Control,Fakturakontroll
Invoicing,Fakturering
Invoicing Period,Faktureringsperiod
IoT box,IoT-låda
IoT Box,IoT-låda
IoT,IoT
IP address,IP-adress
Ip,IP
ir.ui.view,ir.ui.vy
is a,är en
Is Empty,Är tom
issue,problem
Issue,Problem
item,artikel
Item,Objekt
items,artiklar
January,januari
Japanese,japansk
job application,jobbansökan
job applications,jobbansökningar
job board,jobbtavla
job boards,jobbtavlor
Job,Jobb
jobs board,jobbtavla
jobs boards,jobbtavlor
job title,jobbtitel
Job Title,Jobbtitel
job titles,jobbtitlar
John Doe,John Doe
join,gå med
Journal entries,Verifikat
journal entry,verifikat
Journal Item,Journalpost
journal items,journalposter
Journal item,Transaktion / journalrad
journal,journal
Journal,Journal
journal's,Journalens
journals,journaler
July,juli
June,juni
kanban,kanban
kanban view,kanbanvy
kanban views,kanbanvyer
karma,karma
keep empty,lämna tomt
Kenya,Kenya
kernel,kärna
keyboard shortcuts,tangentbordsgenvägar
keyboard shortcut,tangentbordsgenväg
keyword,nyckelord
keywords,nyckelord
kitchen display,köksdisplay
kitchen displays,köksdisplayer
kitchen,kök
km,km
Knowledge,Kunskap
KPI,KPI
label,etikett
labels,etiketter
landed costs,landade kostnader
Landed costs,Landade kostnader
landing page,landningssida
lang,språk
language,språk
Last Modification Date,Sista ändringsdatum
Last Modification User,Sista ändringsanvändare
Last Updated by,Sist uppdaterad av
Last Updated on,Sist uppdaterad den
Late Activities,Försenade aktiviteter
Late activities,sena aktiviteter
Late Availability,Sen tillgänglighet
Latitude,Latitud
layout,layout
Lead Enrichment,Leadberikning
lead,kundämne
Lead,Lead
leads,kundämnen
Leads,Leads
lead time,ledtid
lead times,ledtider
leaf categories,lööv kategorier
leaf category,löv kategori
Learn more,Läs mer
Leave empty,Lämna tomt
leave,ledighet
leaves,blad
Leaves,Ledighet
ledger,huvudbok
legal,juridisk
length,längd
LESS,MEN
Less,Mindre
LESS,MINST
Letter Of Credit,Kreditbrev
Liabilities,Skulder
liability,skuld
line,rad
Lines,Rader
linked,länkad
link,länk
links,länkar
link tracker,länkspårare
Liquidity,Likviditet
list,lista
lists,listor
list view,listvy
list views,listvyer
Litigation,Rättstvister
live chat,livechatt
Live Chat,Livechatt
live chats,livechattar
localisation,lokalisering
localisations,lokaliseringar
localization,lokalisering
Localization,Lokalisering
localizations,lokaliseringar
location,plats
Location,Plats
locations,platser
Logging,Loggning
Login Autom&aacute;tico,Automatisk inloggning
login,inloggning
log,logg
logo,logotyp
Logo,Logotyp
logos,logotyper
Longitude,Longitud
look,titta
lost reason,förtappad orsak
lost reasons,förtappade orsaker
lot,parti
Lot,Parti
Lots,Partier
lots & serial numbers,partier & serienummer
Loyalty,Lojalitet
LPG,LPG
Macaulay duration,Macaulay duration
Mailing list,Adresslista
mailings,utskick
mailing,utskick
mailling,postutskick
mail,post
Main actions,Huvudåtgärder
maintenance request,underhållsförfrågan
maintenance,underhåll
Make to Order,Beställningsstyrt
Make to Order,Medföljd
Make to Stock,Förrådsstyrd
manage,hantera
management fees,förvaltningsavgifter
management,ledning
manager,chef
Manager,Chef
managers,chefer
Manf. Lead Time,Tillverkningsledtid
Manufacture,Tillverka
Manufacturing Lead Time,Tillverkning ledtid
manufacturing operation,tillverkningsoperation
manufacturing orders,tillverkningsordrar
Manufacturing Orders,Tillverkningsordrar
manufacturing order,tillverkningsorder
Manufacturing Order,Tillverkningsorder
Manufacturing,Tillverkning
many2many,många till många
Many2Many,många till många
many2one,många till en
Many2One,många till en
mapped,mappad
mapping,mappning
margin,marginal
Marketing Automation,Marknadsföringsautomation
Marketing Card,Marknadsföringskort
Marketing Cards,Marknadsföringskort
marketing,marknadsföring
Mars,mars
mass mail,massutskick
master,huvud
master page,huvudsida
Master Production Schedule,huvudproduktionsplan
Master Production Schedule,Huvudproduktionsschema
master record,huvudpost
matching,matchning
Maximum to Replenish,Maksimum att fylla på
Maximum to Replenish,Som mest att fylla på
May,maj
media,media
meeting,Möte
meetings,Möten
Members Only,Endast medlemmar
Memo,Memo
memorized,lärt sig
memory,minne
Menu Entry,Menyval
menu,Meny
menus,Menyer
Merchandise,Varor
Merge Partner Wizard,Sammanfoga kontaktguiden
Merge,Sammanslå
message,Meddelande
Message,Meddelande
messages,Meddelanden
Messages,Meddelanden
meta,meta
method,metod
might,kanske
milestone,milstolpe
milestones,milstolpar
minimum,minimal
minimum purchase,minsta köp
minus,minskning
misc,diverse
miscellaneous,diverse
mix-in,mix-in
mixin,mixin
mix-ins,mix-ins
mixins,mixins
m,m
mm,mm
mobile device,mobil enhet
mobile devices,mobila enheter
mobile,mobil
model,modell
Model,Modell
Model name,Modellnamn
models,modeller
mode,läge
moderate,moderat
moderation,moderering
modes,lägen
modified,modifierad
modify,ändra
module,modul
modules,moduler
MO,MO
Monday,måndag
money,pengar
Monthly Recurring Revenue,Månatlig återkommande intäkt
Moroccan,marockansk
move,flytta
Move,Flytta
move line,transaktionsrad
MPS,huvudproduktionsplan
MRP,MRP
MRR,MRR
MTO,MTO
multi-factor,multifaktors-
Multiple Quantity,Flera kvantiteter
My Activity Deadline,Min aktivitetsdeadline
My Documents,Mina dokument
My Requests,Mina förfrågningar
Name,Namn
navigated,navigerad
navigate,navigera
navigates,navigerar
navigating,navigerar
navigation,navigation
nav,navigation
Negotiation,Förhandling
net profit,nettoresultat
neutralize,neutralisera
New document to sign,Nytt dokument att signera
New Statment,Nytt utdrag
next activities,nästa aktiviteter
Next Activity Calendar Event,Kommande kalenderbokningar
Next Activity Deadline,Nästa aktivitetsdeadline
Next Activity Summary,Nästa aktivitetssammanfattning
Next Activity Type,Nästa aktivitetstyp
Next Item,Nästa objekt
next,näst
Non-current Assets,Anläggningstillgångar
Non-current Liabilities,Långfristiga skulder
No requests to sign.,Inga förfrågningar att signera.
Norwegian,norsk
Not available,Inte tillgänglig
note,anteckning
Note,anteckning
Note,Anteckning
Noted,noterat
Notes,anteckningar
note that,observera att
notice deposits,depositionsmeddelanden
notification,meddelande
notifications,meddelanden
notified,meddelad
notifies,meddelar
notifying,meddelar
notify,meddela
November,november
NRR,NRR
Number of Actions,Antal åtgärder
Number of errors,Antal fel
Number of messages requiring action,Antal meddelanden som kräver åtgärd
Number of messages with delivery error,Antal meddelanden med leveransfel
object.name,objektnamn
Object,Objekt
October,oktober
odometers,vägmätare
odometer,vägmätare
OEE,OEE
OEE (Overall Equipment Effectiveness),OEE (total utrustningseffektivitet)
of course,givetvis
Off-Balance,utanför balans
offensive,offensiv
Offensive,Offensiv
office,kontor
Off Today,Ledig idag
on demand,på begäran
one2many,en till många
One2Many,en till många
One Stop Shop,One Stop Shop
On Hand Quantity,Lagerantal
online help,online hjälp
online,online
Open Balance,Öppen balans
opening balance,öppningsbalans
Opening Balance,Öppningsbalans
opening entry,öppningspost
opening,öppning
openning_balance,öppningsbalans
open status,öppen status
Operating Expenses,Rörelsekostnader
Operating income,Rörelseresultat
operation,operation
operations,operationer
operation type,operationstyp
Operator,Operatör
opportunities,möjligheter
Opportunities,Möjligheter
opportunity,möjlighet
Opportunity,Möjlighet
optional module,valfri modul
option,alternativ
options,alternativ
order,beställ
ordered tracking,ordnet spårning
order line,orderrad
order lines,orderrader
Order Lines,Orderrader
order,order
ORDER,ORDER
Orderpoint,Beställnings punkt
oum,enhet
outgoing payment,utgående betalning
outgoing,utgående
out of date,föråldrad
output location,utmatningsplats
output,utmatning
outstanding debit,obetalda debiteringar
outstanding payment,utestående betalning
Outstanding Receipt,Utestående fordran
outstanding,utestående
Overall Equipment Effectiveness,Total utrustningseffektivitet
Overdue,Förfallen
Overdue invoice,Förfallen faktura
Overpassed,Överskriden
overview,översikt
Overview,Översikt
owner,ägare
Package,Emballage
packages,förpackningar
Package Type,Emballagetyp
packaging,förpackning
Packaging,Förpackning
pack,packa
Pad,Ram
Page,Sida
pagination,paginering
Paid' status,Status 'betald'
pain points,pain poäng
pain,pain
panel,panel
panels,paneler
Parent Company,Modersbolag
parent container,överordnad behållare
Partial Capture,Delslutning
partial capture,delvis fångst
partial payment,delsbetalning
Partial Payment,Delsbetalning
partial payments,delsbetalningar
partial reconciliation,delvis avstämning
Partner Autocomplete,Partner automatisk ifyllning
partner,partner
Partner,Partner
Partner Selection Policy,Partnerurvalspolicy
partners,partners
passphrase,lösenfras
passphrases,lösenfraser
password,lösenord
Password,Lösenord
passwords,lösenord
Path,Sökväg
payable account,leverantörskonto
Payable,Skulder
payment acquirer,betalningsförmedlare
Payment Acquirer,Betalningsförmedlare
payment,Betalning
Payment,Betalning
payment gateway,betalningsgateway
Payment Matching,Betalningsmatchning
payment method,Betalningsmetod
payment methods,Betalningsmetoder
payment provider,betalningsleverantör
payment providers,betalningsleverantörer
Payment Receipt,Betalningskvitto
Payment record number,Betalningsregistreringsnummer
payments,Betalningar
payment term,betalningsvillkor
payment terminal,betalningsterminal
payment terminals,betalningsterminaler
Payment terms:,Betalningsvillkor:
payment transaction,betalningstransaktion
payroll,lönebudget
Payroll,Lönehantering
pay run,lönekörning
pay run,löneutbetalning
pay runs,lönekörningar
pay runs,löneutbetalningar
payslip,lönebesked
payslips,lönebesked
pending,pågående
Pending,Pågående
People,Personer
percentage,procentandel
performance losses,prestandaförluster
performance loss,prestandaförlust
periods,perioder
perpetual,ständig
phone,telefon
photo by, foto av
photo, foto
picking,plockning
Picking,Plockning
Pickings,Plockningar
picking type,plocktyp
picking wave,plockvåg
picture, bild
Pie chart,Cirkeldiagram
pills,tabletter
pill,tablett
pinned,nålad
pinning,nålar
pin,nål
PIN,NÅL
pins,nålar
PINT,PINT
pipeline,kanal
pivot,Pivot
pivots,Pivoter
pivot table,pivottabell
pivot view,pivotvy
pivot views,pivotvyer
Placeholder,Platshållare
Plaid,Plaid
Planner,Planerare
Planning,Planering
plataform,plattform
Please Review And Act On This Document,Vänligen granska och agera på detta dokument
PLM,PLM
plus,plus
PO,inköpsorder
point of sale,försäljningsställe
Point of Sale,Försäljningsställe
point of sales,försäljningsställen
Point of Sales,Försäljningsställen
points,poäng
Policy Claims,Försäkringsanspråk
Policy,Policy
populate,befolka
popup,popup
Portal Access URL,Portalens åtkomst-URL
Portal,Portal
Position X,Position X
Position Y,Position Y
PoS,PoS
POS,POS
Postal Provider,Postleverantör
'Posted' status,Status 'bokförd'
poster,affisch
postgresql,postgresql
post,post
Post,Post
posts,inlägg
powered by,drivs av
predefined,fördefinierad
Preferences,Inställningar
Preferred route,Föredragen rutt
prefix,prefix
preparation display,beredningsdisplay
preparation displays,beredningsdisplayer
Prepayments,Förskott
pre-printed,förtryckt
presentations,presentationer
Preventive Maintenance,Förebyggande underhåll
preview,Förhandsgranskning
price list,prislista
pricelist,prislista
price lists,prislistor
pricelists,prislistor
Prikaži organizacijsku šemu,visa organisationsschema
principal payment,huvudbetalning
Print provider,Utskriftsleverantör
prints,utskrifter
privacy terms,sekretessvillkor
private key,privat nyckel
processed,behandlad
Processed,Behandlad
processes,processer
processing,behandlar
process,process
Procurement exception,Undantag från inköp
procurement,inköp
Procurement,Inköp
procurement order,inköpsorder
Procurement Rule,Inköpsregel
Produced Qty,Producerad mängd
Product availability,Produkt tillgänglighet
Product Categories,Produktkategorier
Product Identifier,Produktidentifierare
Product inventory,Produktlager
Production,Produktion
production schedule,produktionsschema
Productivity Losses,Produktionsförluster
Productivity loss,Produktionsförlust
product move,produktflytt
product,produkt
Product,Produkt
products,produkter
Products To Process,Produkter att behandla
produto,produkt
Produto,Produkt
profiling,profilering
profit and loss account,resultaträkning
profit margin,vinstmarginal
profit,vinst
PRO-FORMA Invoice,Proforma faktura
program,program
project manager,projektledare
project,projekt
projects,projekt
promoted,rekomenderad
Promote,Främja
promotion,promotion
promotions,promotioner
Pronóstico,Prognos
propagate,sprida
propagation,spridning
properties,egendomar
property,egendom
pros,fördelar
prospects,utsikter
prospect,utsikt
provider,leverantör
Provider,Leverantör
public holiday,helgdag
public holidays,helgdagar
Public,Offentlig
publish,publisera
pull,dra
purchased,inköpt
purchase,inköp
Purchase,Inköp
purchase line,inköpsrad
purchase order,inköpsorder
Purchase Order Line,Inköpsorder rad
Purchase receipt,Inköpskvitto
Purchase Receipt,Inköpskvitto
Purchase Requisition,Inköpsrekvisition
purchases,inköp
Purchases,Inköp
purchasing,inköp
push notification,pushanmälan
push notifications,pushanmälningar
putaway,lagerläggning
Putaway,Lagring
Python code,Python-kod
Q&A,Frågor & Svar
qty,Antal
Qty,Antal
Qty Produced,Mängd producerad
quality check,kvalitetskontroll
Quality Control,Kvalitetskontroll
Quality Control Point,Kvalitetskontrollpunkt
quality,kvalitet
Quantify,Kvantifiera
quantities,Antal
quantity,Antal
quant,Kvantitet
quants,Kvantiteter
Question,Fråga
Question's Answer,Frågor & Svar
queue,kö
queue manager,Köhanterare
queues,köer
quotation,offert
Quotation,Offert
quotations,offerter
Quote,Offert
qweb field,qweb-fält
Rack,Rack
radio button,alternativknapp
Range,Intervall
rank,rankning
Rates,Priser
rating,betyg
Rating,Betyg
ratio,kvot
Raw material,Råmaterial
Real cost,Verklig kostnad
Real Estate,fastigheter
Real,Verklig
receipt,kvitto
Receipt order,Mottagningsorder
Receipts,Kvitton
receivable account,fordringskonto
receivable,fordran
Receivable,Fordran
Receivables,Kortfristiga fordringar
Recepient,Mottagare
Recipients,Mottagare
Recognition,Erkännande
reconcile,avstämma
reconciled,avstämd
reconciliation,avstämning
record,post
records,punkter
recruitment,rekrytering
recuperation,återhämtning
Recurring,återkommande
Recurring,Återkommande
Recycle,återvinna
redirected,omdirigerad
redirecting,omdirigerar
redirect,omdirigera
redirects,omdirigerar
reference,referens
References,Referenser
Referral,Remiss
ref,referens
refreshed,uppdaterad
refreshes,uppdateringar
refreshing,uppdaterar
refresh,uppdatera
refund,återbetalning
Refund,Återbetalning
regex,regex
register,register
Registration desk,Registreringsdisk
regular expression,reguljärt uttryck
regular expressions,reguljära uttryck
reimbursed,ersatt
reimburse,ersätta
reimbursements,Återbetalningar
reimbursement,Återbetalning
reimburses,ersätter
reimbursing,ersätter
reinvoice,omboka
re-invoice,ombokning
reject,Avvisa
Related,Relaterad
reloaded,omladdad
reloading,laddar om
reload,ladda om
reloads,laddar om
Remark,Anmärkning
reminder,påminnelse
remind,påminn
removed,borttagen
removes,tar bort
remove,ta bort
removing,tar bort
rename,byt namn
rental,uthyrning
renter,hyresgäst
Renter,Hyresgäst
Reordering,Omsortering
reordering rule,omsorteringsregel
Reordering Rule,Omsorteringsregel
Reordering Rules,Omsorteringsregler
repaired,reparerad
repairing,reparerar
repair,reparation
repair,reparera
repairs,reparationer
replacing,ersätter
replenished,påfylld
replenishes,påfyllningar
Replenish,Fyll på
replenishing,påfyller
replenishment,påfyllning
Replenishment,Påfyllning
replenishments,påfyllningar
Replenish on Order,Fyll på vid order
replenish,påfyllning
Reply-To,Svara till
Report File,Rapportfil
reporting,rapportering
report,rapport
reports,rapporter
Reports,Rapporter
Request cannot be signed,Förfrågan kan inte signeras
Request Count,Antal förfrågningar
request for quotation,offertförfrågning
request,förfrågan
Request,Förfrågan
requests for quotation,offertförfrågningar
Requests,Förfrågningar
Required,Obligatorisk
Requirements,Krav
Requisition,Rekvisition
Reservation,Reservation
reserved,reserverad
reserve,reservera
Reserve,Reservera
resets,återställningar
resetting,återställer
Reset to draft,Återställ till utkast
reset,återställ
Reset,Återställ
residual,resterande
Resource Working Time,Resurs arbetstid
Responsible,Ansvarig
Responsible User,Ansvarig användare
Res,Res
Restaurant Floor,Restauranggolv
restaurant,restaurang
restaurants,restauranger
Restore,Återställ
résumé,meritförteckning
résumés,meritförteckningar
Resupply Subcontractor,återförsörjning underentreprenör
resupply,återförsörjning
Retailer,Detaljist
retained earnings,balanserad vinst eller förlust
Return Picking,Returplockning
Revenue,Intäkt
revenue recognition,intäktsredovisning
Revenues,Intäkter
reversal,omkastning
review,granskning
RfQ,Anbudsförfrågning
RFQ,Anbudsförfrågning
RFQs,Anbudsförfrågningar
ribbon,band
Ribbon,Band
ribbons,band
Ribbons,Band
Right,Rätt
Role,Roll
Roles,Roller
Rotate,Rotera
rounding,avrundning
Rounding,Avrundning
Rounding Method,Avrundningsmetod
round up,avrunda uppåt
route,rutt
routing,routing
Routing,Routing
Rows,Rader
rule,regel
rules,regler
run,kör
Running Balance,Löpande balans
Run-Rate,Drifthastighet
SAF-T,SAF-T
salary attachment,lönebilaga
Salary Attachment,Lönebilaga
salary attachments,lönebilagor
Salary,Lön
salary package,lönepaket
salary packages,lönepaket
salary rule,löneregel
salary rules,löneregler
Sale order,Försäljningsorder
Sale Order Line,Säljorderrad
Sale Order,Säljorder
sale price,försäljningspris
sales entry,försäljningspost
sales,försäljning
Sales,Försäljning
Salesmen,Säljare
sales order item,säljorderobjekt
sales order line,säljorderrad
Sales order line,Säljorderrad
sales orders,Försäljningsordrar
Sales orders,Försäljningsordrar
sales order,säljorder
sales people,säljare
salespeople,säljare
Sales personnel,Säljpersonal
sales persons,försäljare
salespersons,försäljare
sales person,försäljare
salesperson,försäljare
Sales team,Säljstyrka
Sales Team,Säljstyrka
salvage,rädda
sanitized,sanerade
Satisfaction survey,Nöjdhetsundersökning
Saturday,lördag
saved,sparad
save,spara
Save,Spara
saves,sparar
saving,spara
scanned,skannad
scanner,scanner
scanners,scanners
scanning,skanning
scan,skanna
Scan,Skanna
scans,skanningar
scheduled,schemalagd
scheduler,schemahanterare
schedulers,schemahanterare
schedule,schema
Scheduling,Schemahantering
screen,skärm
scroll,rulla
SDD,SDD
search bar,sökfält
searched,Sökt
searches,sökningar
searches,Sökningar
searching,Söker
search,sök
Search,Sök
section,sektion
Securities,Värdepapper
Security Token,Säkerhetspolett
Select,Välj
sell timesheets,sälj tidsrapporter
sending,skickar
send mail,skicka e-post
Send,Skicka
sends,skickar
send,sända
Send to sign,Skicka för signering
sent,skickad
Sent,Skickad
SEPA Credit Transfer,SEPA kreditöverföring
SEPA Direct Debit,SEPA direktdebitering
SEPA,SEPA
September,september
sequence,sekvens
Sequence,Sekvens
serial number,serienummer
Serial Number,Serienummer
serial numbers,serienummer
serial,serie
server action,serveråtgärd
server,server
servers,servrar
servers,Servrar
session,session
Setting,Inställning
Settings,Inställningar
set-up,installation
setup,installation
set up,installera
sheet,blad
shipment,sändning
Shipper,Sändare
shipping connector,fraktkoppling
shipping connectors,fraktkopplingar
shipping cost,fraktkostnad
shipping,Frakt
shipping label,fraktetikett
shipping weight,fraktvikt
shop,affär
shopee,Shopee
Shopee,Shopee
shop floor,verkstadsgolvet
shortcode,kortkod
shortcut,genväg
shortcuts,genvägar
Short Name,Kortnamn
showbooth,monter
Signatory Data,Signaturuppgifter
Signature Certificate,Signaturcertifikat
Signature configuration,Signaturinställningar
Signature Field Type,Signaturfältstyp
Signature Hash,Signaturhash
signature request,begäran om underskrift
Signature request signers,Signaturförfrågans signatärer
signature,signatur
Signature,Signatur
Signatures,Signaturer
Sign document,Signera dokument
Signed Count,Antal signerade
Signed document,Signerat dokument
Signed on,Signerad den
Signed On,Signerad den
Signed,Signerad
Signed?,Signerad?
Signer Count,Antal undertecknare
Signer,Undertecknare
Signers,Undertecknare
Sign from template,Signera från mall
Sign in,Logga in
Sign now,Signera nu
Sign Now,Signera nu
Sign Oca,Signera Oca
Sign Oca Template Generate,Generera Signera Oca-mall
Sign Oca Template Generate Multi,Generera flera Signera Oca-mallar
Sign Oca Template Item,Signera Oca-mallobjekt
Sign Oca Template,Signera Oca-mall
Sign out,Logga ut
Sign Request,Signeringsförfrågan
Sign Requests,Signeringsförfrågningar
Sign Request Value,Signeringsförfrågans värde
Sign Role,Signeringsroll
Sign,Signatur
Simple and obvious,Enkelt och tydligt
Sitemap,Sidkarta
situation,situation
Skill,Kompetens
skill up,kompetenshöj
slide,bildspel
slider,reglage
Slides,Bilder
Closing date,Stängningsdatum
Smart-Card,Smartkort
sms,SMS
SMS,SMS
snail mail,snigelpost
snippet,utdrag
Social Networking,Socialt nätverkande
social,social
SO Line,Säljorderrad
Sort By,Sortera efter
SO,SO
source document,källdokument
Source Document,Källdokument
Source Location,Källplats
Special effects,Specialeffekter
Special,Speciell
Speed,Hastighet
record,spela in
spouse,make
spreadsheet,Kalkylblad
spreadsheets,Kalkylblad
Square,Fyrkant
stacked,staplade
stage,etapp
stages,etapper
Stamp duty,Stämpelskatt
Standard Price,Standardpris
Stand-By Letter Of Credit,Standby kreditbrev
Standing Order,Stående order
Starting,Startar
statements,påstående
statement,påstående
Statement,påstående
state,stat
State,Stat
statistics,statistik
status,status
stock,lager
Stock,Lager
stock move,lagerrörelse
Stock Output Account,Lagerutgångskonto
stock quant,Lagerkvantitet
stocks,lager
stock valuation,lagervärdering
Stock Valuation,Lagervärdering
Storage capacities,Lagringskapacitet
storage,lagring
stream,ström
Stream,Ström
street2,gata 2
Studio,Studio
style,stil
subcontractors,underentreprenörer
Subcontractor,Underleverantör
Sub-field,Underfält
subformula,delformel
subscribed,prenumererade
subscribe,prenumerera
subscribes,prenumererar
subscribing,prenumererar
subscription payment,betalning för prenumeration
subscription,prenumeration
subscription,Prenumeration
subscriptions,Prenumerationer
Subscriptions,Prenumerationer
subtitle,undertitel
Subtotal,Delsumma
summary,summering
sum,summa
Sunday,söndag
supplier,leverantör
suppliers,leverantörer
Support multiple variants per products,Stöd flera varianter per produkt
Support,Stöd
Surcharge,Tilläggsavgift
survey,undersökning
Survey,Undersökning
Susbscription,Prenumeration
suspense account,interimskonto
suspense,uppskov
switch,växla
switcher,växlare
synced,synkroniserad
synchronized,synkroniserad
synchronizes,synkroniserar
synchronize,synkronisera
synchronizing,synkroniserar
syncing,synkroniserar
syncs,synkar
sync,synkronisera
tab,flik
tabs,flikar
tag,etikett
tagline,slogan
tag name,etikettnamn
tags,etiketter
take into account,tar hänsyn till
task logs,uppgiftsloggar
task pipeline,uppgiftspipeline
task pipe,uppgiftspipeline
tasks,uppgifter
Tasks,Uppgifter
task,uppgift
Task,Uppgift
Taxability Information Code,Skattepliktig informationskod
Taxability Information Codes,Skattepliktiga informationskoder
Tax Cash Basis,Kontantbaserad skatt
tax charts,momskontoplan
Tax Closing Entry,Skatteavslutningstransaktion
taxes,skatter
tax exigible,skattepliktig
Tax ID,Skattenummer
tax included,moms ingår
tax return,Deklaration
Tax return,Deklaration
tax,skatt
tax status,skattestatus
tax unit,skatteenhet
Team support,Assistansgrupp
team,lag
teaser,smakprov
Technical name,Tekniskt namn
template,mall
Template,Mall
Templates,mallar
templates,mallar
tender,anbud
terminals,terminaler
terminal,terminal
terms and conditions,allmänna villkor
terms,villkor
Terms,Villkor
Text,Text
theme,tema
thermal printer,termisk skrivare
The survey,Undersökningen
the website,webbplatsen
this journal,denna journal
This journal,Denna journal
Thousands Separator,tusentalsavskiljare
threads,trådar
thread,tråd
Thumbnail,Miniatyrbild
Thursday,torsdag
ticket,biljett
Ticket,Biljett
tickets,biljetter
Tickets,Biljetter
timber cladding,träpanel
timed condition,tidsinställd villkor
timeline,tidslinje
time off,ledighet
time-off,ledighet
time off manager,ledighetschef
time off managers,ledighetschefer
time off officer,ledighetshandläggare
time off officers,ledighetshandläggare
time sheets,tidsrapporter
timesheets,tidsrapporter
Timesheets,Tidsrapporter
time sheet,tidsrapport
timesheet,tidsrapport
Timesheet,Tidsrapport
Time,Tid
tip,tips
Title,Titel
To Approve,Att godkänna
Today Activities,Dagens aktiviteter
To-do,att göra
Todo,Att göra
toggle,växla
to join,att gå med
tokenization,tokenisering
tokenize,tokenisera
tokens,poletter
token,polett
tooltip,verktygstips
Tooltip,Verktygstips
top menu,toppmeny
top-notch,förstklassig
To Process,Att behandla
To sign,Att signera
To Sign,Att signera
Total Component Cost,Total komponentkostnad
Total Cost,Totalkostnad
Total Discount,Total rabatt
Total Margin,Total marginal
Total,Totalt
tour,genomgång
TPM (total productive maintenance),TPM (total produktivt underhåll)
TPM (Total Productive Maintenance),TPM (Total produktivt underhåll)
Traceability,Spårbarhet
tracking number,spårningsnummer
Tracking number,Spårningsnummer
tracking,spårning
track,spår
tracks,spår
Trainings,Utbildningar
transactions,transaktioner
transaction,transaktion
transfer account,överföringskonto
transfer,överföring
Transfer,Överföra
Transient,Övergående
transit,transit
trash,sopor
Trash,Soptunna
tree view,trädvy
trial balance,råbalans
Trial Balance,råbalans
triggered,utlösts
triggering,utlöser
triggers,utlösare
Trigger,utlösare
trigger,utlösare
Trigger,Utlösare
true,sant
TRUE,SANT
Tuesday,tisdag
tutorial,handledning
Tutorial,Handledning
TUTORIALS,Handledningar
Twitter Wall,Twittervägg
two-factor,tvåfaktors-
types,typer
type,typ
Type,Typ
unarchive,avarkivera
unarchived,avarkiverad
unarchives,avarkiverar
unarchiving,avarkiverar
Unbuild Order,Plocka isär order
Undefined,Odefinierad
under reserve,under reservation
unexpected,oväntad
uninstall,avinstallera
uninstalled,avinstallerad
uninstalling,avinstallerar
uninstalls,avinstallerar
Unit of Measure Category,Måttenhetskategori
unit of measure,Måttenhet
Unit Price,Pris per enhet
units of measure,måttenheter
unlocked,olåst
unlocking,låser upp
unlock,lås upp
unlocks,låser upp
Unnamed,Namnlös
Unread,Oläst
unreconciled,oförenad
Unreserve,Avreservera
unsubscribe,avregistrera
unsubscribed,avregistrerad
unsubscribes,avregistrerar
unsubscribing,avregistrerar
Untaxed Amount,Skattefritt belopp
Untaxed,Skattefri
untranslated,ej översatt
UoM,Måttenhet
updated,uppdaterad
updates,uppdateringar
update,uppdatera
updating,uppdaterar
Upfront payment,Förskottsbetalning
uploaded,uppladdad
uploading,uppladdar
upload,ladda upp
uploads,uppladdningar
Upsell,Uppförsäljning
Upsell,Uppförsäljning
upvote,rösta upp
urls,URL:er
URLs,URL:er
url,URL
URL,URL
usability,användbarhet
Use,Använd
use,använda
User: All Documents,Användare: Alla dokument
user,användare
User,Användare
User: Own Documents Only,Användare: Endast egna dokument
user retention,användarbevarande
user's,användarens
Users %s has already signed the document,Användare %s har redan signerat dokumentet
Utils,Verktyg
Utillities,Verktyg
application,tillämpning
validated,granskad
Verify & Send document,Verifiera och skicka dokument
verify,validerar
validate,validera
Verify,Verifiera
validating,validerar
Validation,Validering
valid,giltig
Valuation Adjustments,Värderingsjusteringar
Valuation,Värdering
value proposition,värdeerbjudande
variant,variant
Variant,Variant
warning,Varning
VAT number,Momsregistreringsnummer
VAT,Moms
Vendor bill,Leverantörsfaktura
vendor bills,leverantörsfakturor
vendor,leverantör
Vendor,Leverantör
Vendor Reference,Leverantörsreferens
vendors,leverantörer
Vendor Taxes,Leverantörsskatter
verify,verifiera
Very,Väldigt
view,bildspel
view counter,bildspelsräknare
viewed,visad
viewing,visning
views,vyer
view,vyer
Visibility Days,Synlighetsdagar
visitor,besökare
Visitor,Besökare
visitors,besökare
Visitors,Besökare
void,ogiltig
voucher,kupong
Voucher,Kupong
vouchers,kuponger
Waiting for me,Väntar på mig
Wait,Vänta
warehouse,lager
Warehouse Management,Lagerhantering
warehouses,lagring
warnings,varningar
warning,varning
warranty,garanti
Wave Transfer,Vågöverföring
web hooks,webhooks
webhooks,webhooks
web hook,webhook
webhook,webhook
web quotation,webboffert
Website Builder,Hemsidesbyggare
Website,Hemsida
website's,webbplatsens
website,webbplats
web,webb
Wednesday,onsdag
week,vecka
weight,vikt
we,vi
total weight,total vikt
whole,hel
widgets,widgets
widget,widget
Widget,Widget
width,bredd
Width,Bredd
WIP,arbete i process
Withholding Tax,Skatteavdrag
without exception,utan undantag
without Taxes,utan skatt
with Taxes,med skatt
wizard,guide
Wizard,Guide
wizards,guider
work,arbete
work center,produktionsgrupp
Workcenter,Produktionsgrupp
Work Center,Produktionsgrupp
Workcenters,Produktionsgrupper
work entries,arbetsinlägg
Work Entry,Arbetsinlägg
Workflow,Arbetsflöde
work in progress,pågående arbete
work-in-progress,pågående arbete
workload,arbetsbelastning
work order,arbetsorder
Work Order,Arbetsorder
Work Order Operations,Arbetsorderoperationer
work orders,arbetsorder
worksheet,arbetsblad
Work Sheet,Arbetsblad
workspace,arbetsyta
worry,oro
Write-off,Nedskrivning
Write-Off,Nedskrivning
year,år
years,år
zero balancing,nollbalansering
Εmail,e-post
To Bill,Att fakturera
